"v1";"v2";"asso"
"Actinoptychus";"Navicula";0,0559281941716363
"Actinoptychus";"Paralia";0,112843361463075
"Actinoptychus";"Odontella";0,0814414446392069
"Actinoptychus";"Skeletonema";0,0522254077933263
"Actinoptychus";"Lauderia";0,0673428505081203
"Actinoptychus";"Pennées";0,0645304212037618
"Actinoptychus";"Peridiniales";0,181543990339625
"Actinoptychus";"Brockmanniella";0,159553422600075
"Actinoptychus";"Cylindrotheca";0,216268284093762
"Actinoptychus";"Naviculaceae";0,0613836680161568
"Actinoptychus";"Gymnodiniales";0,0837335249573549
"Actinoptychus";"Centriques";0,240725776576755
"Actinoptychus";"Thalassiosiraceae";0,10303745445528
"Actinoptychus";"Dinophyceae.x";0,0481899996954591
"Actinoptychus";"Euglenia";0,186967119474927
"Actinoptychus";"Plagiolemma";0,188628563309032
"Asterionellopsis";"Ditylum";0,0873423790508344
"Asterionellopsis";"Navicula";0,156650242395074
"Asterionellopsis";"Paralia";0,163233256421387
"Asterionellopsis";"Pleurosigma";0,211298923072643
"Asterionellopsis";"Thalassiosira";0,153768624274971
"Asterionellopsis";"Asterionella";0,0517350874286881
"Asterionellopsis";"Bacillaria";0,123700268528172
"Asterionellopsis";"Biddulphia";0,270884314783123
"Asterionellopsis";"Chaetoceros";0,179300996941572
"Asterionellopsis";"Guinardia";0,148134975062899
"Asterionellopsis";"Nitzschia";0,202660402276673
"Asterionellopsis";"Odontella";0,142102350926737
"Asterionellopsis";"Plagiogramma";0,0602699843387575
"Asterionellopsis";"Prorocentrum";0,0845136944534396
"Asterionellopsis";"Rhaphoneis";0,34995158541593
"Asterionellopsis";"Rhizosolenia";0,238718867307297
"Asterionellopsis";"Thalassionema";0,183963090010658
"Asterionellopsis";"Trieres";0,292743667505022
"Asterionellopsis";"Lauderia";0,109322480664915
"Asterionellopsis";"Meuniera";0,102305624995333
"Asterionellopsis";"Protoperidinium";0,204588809467713
"Asterionellopsis";"Dactyliosolen";0,0862427124582414
"Asterionellopsis";"Gyrodinium";0,286493086181076
"Asterionellopsis";"Phaeocystis";0,238532665259017
"Asterionellopsis";"Pseudo-nitzschia";0,274855036630472
"Asterionellopsis";"Diploneis";0,129006510230322
"Asterionellopsis";"Gymnodinium";0,194249921703801
"Asterionellopsis";"Trigonium";0,0872280841525458
"Asterionellopsis";"Helicotheca";0,119038332485551
"Asterionellopsis";"Porosira";0,0930683165938713
"Asterionellopsis";"Scenedesmus";0,071634347870264
"Asterionellopsis";"Katodinium";0,153655927991681
"Asterionellopsis";"Ciliophora.x";0,290659178370925
"Asterionellopsis";"Amphidinium";0,141185078649679
"Asterionellopsis";"Cryptophyceae.x";0,301750658391314
"Asterionellopsis";"Mesodinium";0,0730676185590284
"Asterionellopsis";"Chlorophyceae";0,0886850417194536
"Asterionellopsis";"Heterosigma";0,0623577096720948
"Asterionellopsis";"Brockmanniella";0,0763894844456614
"Asterionellopsis";"Karlodinium";0,145473263630387
"Asterionellopsis";"Delphineis";0,153688775859077
"Asterionellopsis";"Eutreptiella";0,199416582601956
"Asterionellopsis";"Gymnodiniales";0,096740941267826
"Coscinodiscus";"Ditylum";0,0516609802458198
"Coscinodiscus";"Navicula";0,166254018114156
"Coscinodiscus";"Paralia";0,178040435707828
"Coscinodiscus";"Pleurosigma";0,0592585295683514
"Coscinodiscus";"Thalassiosira";0,0579269985725902
"Coscinodiscus";"Biddulphia";0,169745210089126
"Coscinodiscus";"Odontella";0,13504085659222
"Coscinodiscus";"Rhaphoneis";0,140746325845739
"Coscinodiscus";"Trieres";0,0931127276765804
"Coscinodiscus";"Trigonium";0,185914282674678
"Coscinodiscus";"Helicotheca";0,0509194637793083
"Coscinodiscus";"Dictyocha";0,0972949540644637
"Coscinodiscus";"Porosira";0,104602534734281
"Coscinodiscus";"Katodinium";0,0726308796960443
"Coscinodiscus";"Pennées";0,100618158606965
"Coscinodiscus";"Cryptophyceae.x";0,129479600504653
"Coscinodiscus";"Peridiniales";0,0493564406662415
"Coscinodiscus";"Licmophora";0,0709423959088655
"Coscinodiscus";"Brockmanniella";0,15110915212
"Coscinodiscus";"Delphineis";0,131442391427243
"Coscinodiscus";"Eutreptiella";0,0863388591769676
"Coscinodiscus";"Gymnodiniales";0,116681783825776
"Coscinodiscus";"Euglenia";0,0655823488847964
"Dinophysis";"Ditylum";0,117750752794894
"Dinophysis";"Chaetoceros";0,198757163561422
"Dinophysis";"Guinardia";0,050091740860262
"Dinophysis";"Melosira";0,0857948054443697
"Dinophysis";"Prorocentrum";0,398744884560884
"Dinophysis";"Leptocylindrus";0,29919639250533
"Dinophysis";"Protoperidinium";0,137146829702944
"Dinophysis";"Dactyliosolen";0,162789302683422
"Dinophysis";"Pseudo-nitzschia";0,0817589853555008
"Dinophysis";"Eucampia";0,272673720078747
"Dinophysis";"Akashiwo";0,213221238927599
"Dinophysis";"Diplopsalis";0,164632558852186
"Dinophysis";"Euglenoidea";0,0694173510499323
"Dinophysis";"Scrippsiella";0,39205151482512
"Dinophysis";"Heterocapsa";0,101922120213687
"Dinophysis";"Peridiniales";0,149378990892099
"Dinophysis";"Mesodinium";0,0872483858925127
"Dinophysis";"Alexandrium";0,212570469125545
"Dinophysis";"Lithodesmium";0,320896982033777
"Dinophysis";"Polykrikos";0,117442772074666
"Dinophysis";"Gonyaulax";0,283073686676691
"Dinophysis";"Pyramimonas";0,233576108629045
"Dinophysis";"Dinoflagellata.x";0,0835056039673505
"Dinophysis";"Bacillariaceae";0,0702458056857961
"Dinophysis";"Cylindrotheca";0,113085019417852
"Dinophysis";"Naviculaceae";0,102067266298665
"Dinophysis";"Gymnodiniaceae";0,185540239001109
"Dinophysis";"Euglenaceae";0,0908578342959194
"Dinophysis";"Thalassiosiraceae";0,0777746449457111
"Dinophysis";"Dinophyceae.x";0,0488324999166749
"Dinophysis";"Euglenia";0,184031254263327
"Dinophysis";"Plagiolemma";0,0849515945309191
"Ditylum";"Pleurosigma";0,0753686681163373
"Ditylum";"Thalassiosira";0,399435620416089
"Ditylum";"Asterionella";0,0618115709814223
"Ditylum";"Bacillaria";0,0624507522021268
"Ditylum";"Chaetoceros";0,364805174560074
"Ditylum";"Melosira";0,0495182782596627
"Ditylum";"Nitzschia";0,145076074561532
"Ditylum";"Rhizosolenia";0,139067414258177
"Ditylum";"Skeletonema";0,248173273621254
"Ditylum";"Thalassionema";0,334243470506404
"Ditylum";"Trieres";0,0801592462610832
"Ditylum";"Lauderia";0,335261304028128
"Ditylum";"Dactyliosolen";0,126273989231795
"Ditylum";"Gyrodinium";0,0803028400367855
"Ditylum";"Phaeocystis";0,0743787663885068
"Ditylum";"Pseudo-nitzschia";0,213996143870369
"Ditylum";"Eucampia";0,161693152502164
"Ditylum";"Gymnodinium";0,0537118581589041
"Ditylum";"Diplopsalis";0,210363037727275
"Ditylum";"Porosira";0,109554513223217
"Ditylum";"Scenedesmus";0,0575706934933761
"Ditylum";"Scrippsiella";0,133519195041398
"Ditylum";"Heterocapsa";0,127225290070953
"Ditylum";"Peridiniales";0,0685276261934167
"Ditylum";"Alexandrium";0,10088163478853
"Ditylum";"Lithodesmium";0,0904934360306143
"Ditylum";"Gonyaulax";0,194952068043153
"Ditylum";"Bacillariaceae";0,0619676068790019
"Ditylum";"Dinophyceae.x";0,0523721863177582
"Navicula";"Paralia";0,337002230086869
"Navicula";"Pleurosigma";0,190639712838793
"Navicula";"Biddulphia";0,284961902652563
"Navicula";"Chaetoceros";0,0567702419298388
"Navicula";"Guinardia";0,198768826309623
"Navicula";"Nitzschia";0,0635384132296948
"Navicula";"Odontella";0,170123561167702
"Navicula";"Prorocentrum";0,132520862988807
"Navicula";"Rhaphoneis";0,353024534355561
"Navicula";"Rhizosolenia";0,0759311368980603
"Navicula";"Trieres";0,0720235487611844
"Navicula";"Leptocylindrus";0,117453684300731
"Navicula";"Meuniera";0,160155404899432
"Navicula";"Protoperidinium";0,203640031876383
"Navicula";"Cerataulina";0,0773988060996678
"Navicula";"Gyrodinium";0,179827173871493
"Navicula";"Diploneis";0,195029269350449
"Navicula";"Gymnodinium";0,151992591869864
"Navicula";"Euglenoidea";0,0904818828177459
"Navicula";"Trigonium";0,21808397795159
"Navicula";"Helicotheca";0,0740349989222734
"Navicula";"Dictyocha";0,186553181305432
"Navicula";"Katodinium";0,222769871761203
"Navicula";"Torodinium";0,124928704723654
"Navicula";"Ciliophora.x";0,215904691274509
"Navicula";"Heterocapsa";0,092880870156577
"Navicula";"Amphidinium";0,158543929351023
"Navicula";"Pennées";0,185603667093781
"Navicula";"Cryptophyceae.x";0,414184913941601
"Navicula";"Chlorophyceae";0,073254174302497
"Navicula";"Licmophora";0,074204568897234
"Navicula";"Polykrikos";0,115158915169945
"Navicula";"Brockmanniella";0,174267860633451
"Navicula";"Karlodinium";0,124778229739117
"Navicula";"Delphineis";0,338197286792853
"Navicula";"Eutreptiella";0,357660431981074
"Navicula";"Gymnodiniales";0,298444400563144
"Paralia";"Pleurosigma";0,135320297860579
"Paralia";"Thalassiosira";0,147481438690604
"Paralia";"Bacillaria";0,138308375758364
"Paralia";"Biddulphia";0,369147729342124
"Paralia";"Guinardia";0,0542361411691298
"Paralia";"Odontella";0,286547416682268
"Paralia";"Plagiogramma";0,115986827199256
"Paralia";"Rhaphoneis";0,470591403278964
"Paralia";"Thalassionema";0,151720652135584
"Paralia";"Trieres";0,16922493899031
"Paralia";"Lauderia";0,0894995237532349
"Paralia";"Meuniera";0,121302571078246
"Paralia";"Gyrodinium";0,053348502792495
"Paralia";"Phaeocystis";0,0755644432135443
"Paralia";"Diploneis";0,188296146674277
"Paralia";"Trigonium";0,249533754024434
"Paralia";"Helicotheca";0,119396791974615
"Paralia";"Dictyocha";0,153888537876532
"Paralia";"Porosira";0,118845449214465
"Paralia";"Katodinium";0,162639494526188
"Paralia";"Torodinium";0,124719887370456
"Paralia";"Ciliophora.x";0,19040842209996
"Paralia";"Amphidinium";0,0763301378164741
"Paralia";"Pennées";0,175034810881677
"Paralia";"Cryptophyceae.x";0,30007938540328
"Paralia";"Chlorophyceae";0,0956198371719888
"Paralia";"Brockmanniella";0,319892013727579
"Paralia";"Karlodinium";0,0950523255537112
"Paralia";"Delphineis";0,374621596316865
"Paralia";"Eutreptiella";0,254018929048414
"Paralia";"Gymnodiniales";0,188412409473636
"Pleurosigma";"Thalassiosira";0,11151850001525
"Pleurosigma";"Biddulphia";0,196003234164752
"Pleurosigma";"Chaetoceros";0,326401562546858
"Pleurosigma";"Guinardia";0,244841284945279
"Pleurosigma";"Nitzschia";0,100829216999933
"Pleurosigma";"Odontella";0,0630513638968905
"Pleurosigma";"Prorocentrum";0,276393426501038
"Pleurosigma";"Rhaphoneis";0,224052936973166
"Pleurosigma";"Rhizosolenia";0,197967965048218
"Pleurosigma";"Skeletonema";0,048448109019162
"Pleurosigma";"Thalassionema";0,248112575171176
"Pleurosigma";"Trieres";0,126359565273176
"Pleurosigma";"Lauderia";0,0554905632933034
"Pleurosigma";"Leptocylindrus";0,214517880286184
"Pleurosigma";"Meuniera";0,065777774860538
"Pleurosigma";"Protoperidinium";0,244248691595449
"Pleurosigma";"Cerataulina";0,16305254800349
"Pleurosigma";"Dactyliosolen";0,196243335553529
"Pleurosigma";"Gyrodinium";0,179757170182913
"Pleurosigma";"Pseudo-nitzschia";0,278276012340984
"Pleurosigma";"Eucampia";0,120651173390142
"Pleurosigma";"Diploneis";0,146242479395729
"Pleurosigma";"Gymnodinium";0,133868045024596
"Pleurosigma";"Diplopsalis";0,159253158141187
"Pleurosigma";"Trigonium";0,127744065234414
"Pleurosigma";"Scrippsiella";0,134668251398331
"Pleurosigma";"Katodinium";0,185555953476058
"Pleurosigma";"Torodinium";0,153956754533535
"Pleurosigma";"Ciliophora.x";0,240870479780821
"Pleurosigma";"Heterocapsa";0,0929698544355434
"Pleurosigma";"Amphidinium";0,0933556850551943
"Pleurosigma";"Pennées";0,0851408482402512
"Pleurosigma";"Cryptophyceae.x";0,199413032208752
"Pleurosigma";"Mesodinium";0,0870661274101771
"Pleurosigma";"Alexandrium";0,0831743763238778
"Pleurosigma";"Licmophora";0,0673502054984455
"Pleurosigma";"Lithodesmium";0,0674313760993838
"Pleurosigma";"Polykrikos";0,163250487879172
"Pleurosigma";"Brockmanniella";0,0864007746777667
"Pleurosigma";"Karlodinium";0,134268674737556
"Pleurosigma";"Delphineis";0,162255008296969
"Pleurosigma";"Eutreptiella";0,169985623223512
"Pleurosigma";"Cylindrotheca";0,0553828571672911
"Pleurosigma";"Gymnodiniales";0,156049356870969
"Thalassiosira";"Asterionella";0,139477181755389
"Thalassiosira";"Bacillaria";0,115062784910906
"Thalassiosira";"Biddulphia";0,107699602020556
"Thalassiosira";"Chaetoceros";0,169941404742363
"Thalassiosira";"Nitzschia";0,161541835047831
"Thalassiosira";"Odontella";0,180567551767431
"Thalassiosira";"Plagiogramma";0,0990059151353993
"Thalassiosira";"Rhaphoneis";0,121179801367784
"Thalassiosira";"Skeletonema";0,463105620265655
"Thalassiosira";"Thalassionema";0,278526889537529
"Thalassiosira";"Trieres";0,143998241672858
"Thalassiosira";"Lauderia";0,391015484956973
"Thalassiosira";"Trigonium";0,104411706641989
"Thalassiosira";"Dictyocha";0,221450186227221
"Thalassiosira";"Porosira";0,179329633901133
"Thalassiosira";"Torodinium";0,0509257350748509
"Thalassiosira";"Ciliophora.x";0,119434036067484
"Thalassiosira";"Heterocapsa";0,148738624711028
"Thalassiosira";"Amphidinium";0,0650893334587309
"Thalassiosira";"Pennées";0,0516376112492447
"Thalassiosira";"Cryptophyceae.x";0,117232312597769
"Thalassiosira";"Heterosigma";0,0775214195054063
"Thalassiosira";"Brockmanniella";0,188658916531567
"Thalassiosira";"Delphineis";0,179660852623194
"Thalassiosira";"Eutreptiella";0,0873893426916791
"Thalassiosira";"Cylindrotheca";0,0748044486405918
"Asterionella";"Biddulphia";0,0871783483062489
"Asterionella";"Nitzschia";0,0563808133337526
"Asterionella";"Odontella";0,0630259616863017
"Asterionella";"Rhaphoneis";0,0527904628152515
"Asterionella";"Skeletonema";0,11142932979084
"Asterionella";"Trieres";0,132153923949443
"Asterionella";"Lauderia";0,0730095312475977
"Asterionella";"Gymnodinium";0,0543312313089967
"Asterionella";"Euglenoidea";0,125306921949251
"Asterionella";"Dictyocha";0,0890157460945292
"Asterionella";"Porosira";0,069030200236643
"Asterionella";"Scenedesmus";0,113678859645573
"Asterionella";"Heterocapsa";0,0488077424196332
"Asterionella";"Amphidinium";0,0825323194013447
"Asterionella";"Pennées";0,0675052547505137
"Asterionella";"Cryptophyceae.x";0,059239593037219
"Asterionella";"Chlorophyceae";0,100294650767916
"Asterionella";"Brockmanniella";0,0869989421402616
"Bacillaria";"Biddulphia";0,0803018850891091
"Bacillaria";"Odontella";0,13355076725711
"Bacillaria";"Rhaphoneis";0,0926672579387727
"Bacillaria";"Skeletonema";0,0732435682484917
"Bacillaria";"Thalassionema";0,0785024503394794
"Bacillaria";"Lauderia";0,107115560785724
"Bacillaria";"Porosira";0,12193382610519
"Bacillaria";"Brockmanniella";0,13548504966944
"Bacillaria";"Delphineis";0,0525289158796834
"Bacillaria";"Cylindrotheca";0,0909131483271607
"Bacillaria";"Thalassiosiraceae";0,0654516324251857
"Biddulphia";"Chaetoceros";0,0574160583941019
"Biddulphia";"Guinardia";0,105111541329754
"Biddulphia";"Nitzschia";0,0537741636153574
"Biddulphia";"Odontella";0,305007505598779
"Biddulphia";"Plagiogramma";0,0827710983885067
"Biddulphia";"Rhaphoneis";0,598033966893791
"Biddulphia";"Rhizosolenia";0,166478139737108
"Biddulphia";"Thalassionema";0,0626018619134368
"Biddulphia";"Trieres";0,266831339634889
"Biddulphia";"Lauderia";0,0614747212078286
"Biddulphia";"Meuniera";0,0859218136021973
"Biddulphia";"Protoperidinium";0,167808417342542
"Biddulphia";"Gyrodinium";0,182280025860761
"Biddulphia";"Phaeocystis";0,201059322810936
"Biddulphia";"Pseudo-nitzschia";0,0985364248423798
"Biddulphia";"Diploneis";0,147201393183768
"Biddulphia";"Gymnodinium";0,0678367414494743
"Biddulphia";"Trigonium";0,151400527498257
"Biddulphia";"Helicotheca";0,0627187068661463
"Biddulphia";"Dictyocha";0,0945388605735091
"Biddulphia";"Porosira";0,0674338223879155
"Biddulphia";"Katodinium";0,0982231050252749
"Biddulphia";"Ciliophora.x";0,300644789952932
"Biddulphia";"Amphidinium";0,13795535612759
"Biddulphia";"Cryptophyceae.x";0,33207052519738
"Biddulphia";"Chlorophyceae";0,0899838557750278
"Biddulphia";"Polykrikos";0,0643804928760539
"Biddulphia";"Brockmanniella";0,181993526930944
"Biddulphia";"Karlodinium";0,0861316983423117
"Biddulphia";"Delphineis";0,254700950183555
"Biddulphia";"Eutreptiella";0,243597254070738
"Biddulphia";"Gymnodiniales";0,204785995729534
"Chaetoceros";"Guinardia";0,357237742786406
"Chaetoceros";"Nitzschia";0,141758061214381
"Chaetoceros";"Prorocentrum";0,41528973759852
"Chaetoceros";"Rhaphoneis";0,0565636691533163
"Chaetoceros";"Rhizosolenia";0,31104674342547
"Chaetoceros";"Thalassionema";0,28344392713026
"Chaetoceros";"Lauderia";0,171077919099797
"Chaetoceros";"Leptocylindrus";0,363482426184612
"Chaetoceros";"Meuniera";0,0571178164070823
"Chaetoceros";"Protoperidinium";0,336876955311149
"Chaetoceros";"Cerataulina";0,305927088330188
"Chaetoceros";"Dactyliosolen";0,309977121208489
"Chaetoceros";"Gyrodinium";0,302267716761278
"Chaetoceros";"Pseudo-nitzschia";0,437920283967256
"Chaetoceros";"Eucampia";0,284302428312417
"Chaetoceros";"Diploneis";0,0522483076734935
"Chaetoceros";"Gymnodinium";0,138612021558797
"Chaetoceros";"Diplopsalis";0,210218519500991
"Chaetoceros";"Trigonium";0,0645276169514271
"Chaetoceros";"Dictyocha";0,0487132307615924
"Chaetoceros";"Porosira";0,052412793738713
"Chaetoceros";"Scrippsiella";0,299262214906134
"Chaetoceros";"Katodinium";0,212794093376789
"Chaetoceros";"Torodinium";0,121803922549609
"Chaetoceros";"Ciliophora.x";0,218207880780764
"Chaetoceros";"Heterocapsa";0,225423373122706
"Chaetoceros";"Amphidinium";0,135033205683205
"Chaetoceros";"Cryptophyceae.x";0,202070746595718
"Chaetoceros";"Mesodinium";0,118202683297474
"Chaetoceros";"Alexandrium";0,147852624506803
"Chaetoceros";"Licmophora";0,0789013066529104
"Chaetoceros";"Lithodesmium";0,102665095075656
"Chaetoceros";"Polykrikos";0,248796151810132
"Chaetoceros";"Gonyaulax";0,22258068666393
"Chaetoceros";"Karlodinium";0,0769849904766294
"Chaetoceros";"Delphineis";0,103888392481089
"Chaetoceros";"Eutreptiella";0,139095974524454
"Chaetoceros";"Gymnodiniales";0,132997441749559
"Guinardia";"Prorocentrum";0,305846018377952
"Guinardia";"Rhaphoneis";0,221739567268841
"Guinardia";"Rhizosolenia";0,538791964028157
"Guinardia";"Thalassionema";0,119810956010733
"Guinardia";"Lauderia";0,0802739090537207
"Guinardia";"Leptocylindrus";0,437118122282943
"Guinardia";"Meuniera";0,214060480555098
"Guinardia";"Protoperidinium";0,403107701337094
"Guinardia";"Cerataulina";0,439791899178627
"Guinardia";"Dactyliosolen";0,349269395380497
"Guinardia";"Gyrodinium";0,40957939756663
"Guinardia";"Phaeocystis";0,238002003293907
"Guinardia";"Pseudo-nitzschia";0,476541597579816
"Guinardia";"Eucampia";0,251192631912072
"Guinardia";"Diploneis";0,174172961839961
"Guinardia";"Gymnodinium";0,185386542413966
"Guinardia";"Akashiwo";0,0544652145579599
"Guinardia";"Diplopsalis";0,154743779379967
"Guinardia";"Trigonium";0,115938345199679
"Guinardia";"Scrippsiella";0,1120647663554
"Guinardia";"Katodinium";0,343194353420126
"Guinardia";"Torodinium";0,172373532016021
"Guinardia";"Ciliophora.x";0,345701297332069
"Guinardia";"Heterocapsa";0,124923966738067
"Guinardia";"Amphidinium";0,152459440853595
"Guinardia";"Pennées";0,0743933174848607
"Guinardia";"Cryptophyceae.x";0,343035078058285
"Guinardia";"Mesodinium";0,13037897821195
"Guinardia";"Alexandrium";0,0515683245646018
"Guinardia";"Chlorophyceae";0,0917237774497474
"Guinardia";"Licmophora";0,125760113599208
"Guinardia";"Polykrikos";0,199882580466108
"Guinardia";"Gonyaulax";0,0681891912731916
"Guinardia";"Pyramimonas";0,0783973807095041
"Guinardia";"Karlodinium";0,172307223970669
"Guinardia";"Delphineis";0,172306922543038
"Guinardia";"Eutreptiella";0,224149034735522
"Guinardia";"Gymnodiniales";0,200344824718326
"Melosira";"Nitzschia";0,11072372287091
"Melosira";"Eucampia";0,0488811704527882
"Melosira";"Gymnodinium";0,118525525313012
"Melosira";"Euglenoidea";0,135484596883917
"Melosira";"Scrippsiella";0,0564200801105796
"Melosira";"Amphidinium";0,0938591145387773
"Melosira";"Dinoflagellata.x";0,0585250294805507
"Melosira";"Euglenaceae";0,0787033142421218
"Nitzschia";"Plagiogramma";0,189878988012029
"Nitzschia";"Rhaphoneis";0,126240829087948
"Nitzschia";"Thalassionema";0,106209074769359
"Nitzschia";"Trieres";0,184492594460571
"Nitzschia";"Meuniera";0,0637791836273309
"Nitzschia";"Gyrodinium";0,130549527076793
"Nitzschia";"Diploneis";0,0986692606115904
"Nitzschia";"Gymnodinium";0,376821922144893
"Nitzschia";"Euglenoidea";0,250284945032943
"Nitzschia";"Dictyocha";0,0940545284608347
"Nitzschia";"Scenedesmus";0,0853845933804976
"Nitzschia";"Katodinium";0,0621587035848079
"Nitzschia";"Ciliophora.x";0,203803798437838
"Nitzschia";"Amphidinium";0,165017974496272
"Nitzschia";"Cryptophyceae.x";0,0752944773278216
"Nitzschia";"Chlorophyceae";0,125125887701596
"Nitzschia";"Dinoflagellata.x";0,151990582497696
"Nitzschia";"Euglenaceae";0,182358606725647
"Odontella";"Plagiogramma";0,138546752457043
"Odontella";"Rhaphoneis";0,327233151813451
"Odontella";"Skeletonema";0,0758512150355081
"Odontella";"Thalassionema";0,0960214099810898
"Odontella";"Trieres";0,0491534346059702
"Odontella";"Lauderia";0,0998325832424162
"Odontella";"Diploneis";0,0641572602675696
"Odontella";"Trigonium";0,20472413062942
"Odontella";"Helicotheca";0,103455269330365
"Odontella";"Dictyocha";0,0840962188489334
"Odontella";"Katodinium";0,0599138155072964
"Odontella";"Torodinium";0,0579725436671504
"Odontella";"Ciliophora.x";0,103827401745233
"Odontella";"Pennées";0,0623526927617201
"Odontella";"Cryptophyceae.x";0,202626135527477
"Odontella";"Brockmanniella";0,237128810088128
"Odontella";"Karlodinium";0,0521955151014015
"Odontella";"Delphineis";0,276015779220673
"Odontella";"Eutreptiella";0,193796636788093
"Odontella";"Cylindrotheca";0,0491626622404635
"Odontella";"Gymnodiniales";0,237207340760778
"Plagiogramma";"Rhaphoneis";0,0711244863891296
"Plagiogramma";"Skeletonema";0,13907908503911
"Plagiogramma";"Thalassionema";0,0728574104070994
"Plagiogramma";"Trieres";0,0868381248700592
"Plagiogramma";"Lauderia";0,0578411642276899
"Plagiogramma";"Dictyocha";0,0846703515067481
"Plagiogramma";"Scenedesmus";0,0591345021993198
"Plagiogramma";"Euglenaceae";0,0729930814776795
"Prorocentrum";"Rhizosolenia";0,110588854251962
"Prorocentrum";"Thalassionema";0,0654308643533311
"Prorocentrum";"Leptocylindrus";0,523823687854198
"Prorocentrum";"Protoperidinium";0,352584202476552
"Prorocentrum";"Cerataulina";0,184877371330343
"Prorocentrum";"Dactyliosolen";0,286679299986016
"Prorocentrum";"Gyrodinium";0,267156235259194
"Prorocentrum";"Pseudo-nitzschia";0,233373521256466
"Prorocentrum";"Eucampia";0,279140410982972
"Prorocentrum";"Diploneis";0,105458368842508
"Prorocentrum";"Gymnodinium";0,160530692273379
"Prorocentrum";"Akashiwo";0,170037956834735
"Prorocentrum";"Diplopsalis";0,205146461726948
"Prorocentrum";"Trigonium";0,0863518405001703
"Prorocentrum";"Scrippsiella";0,468086703644497
"Prorocentrum";"Katodinium";0,175040749470898
"Prorocentrum";"Torodinium";0,122359223873235
"Prorocentrum";"Ciliophora.x";0,189305333589594
"Prorocentrum";"Heterocapsa";0,216777347273071
"Prorocentrum";"Amphidinium";0,0926708884123618
"Prorocentrum";"Cryptophyceae.x";0,17334408563947
"Prorocentrum";"Peridiniales";0,0962968231917269
"Prorocentrum";"Mesodinium";0,171529771790377
"Prorocentrum";"Alexandrium";0,206438298641588
"Prorocentrum";"Licmophora";0,094167875320385
"Prorocentrum";"Lithodesmium";0,203813297487432
"Prorocentrum";"Polykrikos";0,291887765008601
"Prorocentrum";"Gonyaulax";0,251913251322801
"Prorocentrum";"Pyramimonas";0,167456043369837
"Prorocentrum";"Heterosigma";0,0614458632399507
"Prorocentrum";"Dinoflagellata.x";0,0849512512640107
"Prorocentrum";"Karlodinium";0,11318724114932
"Prorocentrum";"Eutreptiella";0,179948339718426
"Prorocentrum";"Cylindrotheca";0,129103925710826
"Prorocentrum";"Gymnodiniales";0,144775717885336
"Prorocentrum";"Gymnodiniaceae";0,1216491249431
"Prorocentrum";"Euglenia";0,0487647834271439
"Rhaphoneis";"Rhizosolenia";0,234645840346986
"Rhaphoneis";"Thalassionema";0,121219518733389
"Rhaphoneis";"Trieres";0,281895789688727
"Rhaphoneis";"Lauderia";0,103388018395119
"Rhaphoneis";"Meuniera";0,207344489898809
"Rhaphoneis";"Protoperidinium";0,200932924965554
"Rhaphoneis";"Gyrodinium";0,312794128097936
"Rhaphoneis";"Phaeocystis";0,278423907455296
"Rhaphoneis";"Pseudo-nitzschia";0,1715107525486
"Rhaphoneis";"Diploneis";0,15077563683359
"Rhaphoneis";"Gymnodinium";0,113355698314459
"Rhaphoneis";"Trigonium";0,192948125258814
"Rhaphoneis";"Helicotheca";0,103078870938636
"Rhaphoneis";"Dictyocha";0,124739176644247
"Rhaphoneis";"Porosira";0,136713108358304
"Rhaphoneis";"Katodinium";0,215213178075665
"Rhaphoneis";"Torodinium";0,142404633472798
"Rhaphoneis";"Ciliophora.x";0,39071649563648
"Rhaphoneis";"Amphidinium";0,11450798706741
"Rhaphoneis";"Pennées";0,0732853751139009
"Rhaphoneis";"Cryptophyceae.x";0,453304309934842
"Rhaphoneis";"Chlorophyceae";0,0760813766140746
"Rhaphoneis";"Brockmanniella";0,19422628437012
"Rhaphoneis";"Karlodinium";0,164399480065543
"Rhaphoneis";"Delphineis";0,416766566530914
"Rhaphoneis";"Eutreptiella";0,326747833992822
"Rhaphoneis";"Gymnodiniales";0,280612060508709
"Rhizosolenia";"Thalassionema";0,130732209905788
"Rhizosolenia";"Trieres";0,0571110061383318
"Rhizosolenia";"Lauderia";0,18400291130436
"Rhizosolenia";"Leptocylindrus";0,180575620622618
"Rhizosolenia";"Meuniera";0,160119141144575
"Rhizosolenia";"Protoperidinium";0,305203574093352
"Rhizosolenia";"Cerataulina";0,357267287412868
"Rhizosolenia";"Dactyliosolen";0,312105961014514
"Rhizosolenia";"Gyrodinium";0,360496200526253
"Rhizosolenia";"Phaeocystis";0,342218190278852
"Rhizosolenia";"Pseudo-nitzschia";0,424954468406825
"Rhizosolenia";"Eucampia";0,092362250467575
"Rhizosolenia";"Diploneis";0,131832807618508
"Rhizosolenia";"Gymnodinium";0,1360127340853
"Rhizosolenia";"Diplopsalis";0,130502055378569
"Rhizosolenia";"Scrippsiella";0,0629926333377316
"Rhizosolenia";"Katodinium";0,234806239545502
"Rhizosolenia";"Torodinium";0,12255428363201
"Rhizosolenia";"Ciliophora.x";0,28627912241046
"Rhizosolenia";"Heterocapsa";0,103459122169761
"Rhizosolenia";"Amphidinium";0,122729935014211
"Rhizosolenia";"Cryptophyceae.x";0,229841851286505
"Rhizosolenia";"Mesodinium";0,0820327738212497
"Rhizosolenia";"Licmophora";0,0677998407422691
"Rhizosolenia";"Polykrikos";0,074549836225584
"Rhizosolenia";"Gonyaulax";0,0789774972146881
"Rhizosolenia";"Karlodinium";0,116580040764289
"Rhizosolenia";"Eutreptiella";0,129718958841081
"Rhizosolenia";"Gymnodiniales";0,0988176458786445
"Skeletonema";"Thalassionema";0,23722568797798
"Skeletonema";"Trieres";0,0477521692966364
"Skeletonema";"Lauderia";0,258228963735582
"Skeletonema";"Diplopsalis";0,051407631538702
"Skeletonema";"Helicotheca";0,05789859389061
"Skeletonema";"Dictyocha";0,145245895906513
"Skeletonema";"Porosira";0,105350112412486
"Skeletonema";"Scenedesmus";0,0599340166376123
"Skeletonema";"Scrippsiella";0,053360678783996
"Skeletonema";"Heterocapsa";0,0709100692601523
"Skeletonema";"Pennées";0,0487377336680989
"Skeletonema";"Peridiniales";0,15416599283062
"Skeletonema";"Alexandrium";0,0737278788285771
"Skeletonema";"Gonyaulax";0,118994941992825
"Skeletonema";"Brockmanniella";0,101917399339242
"Skeletonema";"Bacillariaceae";0,0993776293417771
"Skeletonema";"Cylindrotheca";0,192815225323273
"Skeletonema";"Naviculaceae";0,10580790520868
"Skeletonema";"Centriques";0,172707054468954
"Skeletonema";"Gymnodiniaceae";0,112533801614801
"Skeletonema";"Thalassiosiraceae";0,172372237843085
"Skeletonema";"Dinophyceae.x";0,136002420772471
"Skeletonema";"Euglenia";0,142751138585267
"Thalassionema";"Trieres";0,0618403705154143
"Thalassionema";"Lauderia";0,203409067743507
"Thalassionema";"Protoperidinium";0,117081698669022
"Thalassionema";"Cerataulina";0,11235949554181
"Thalassionema";"Dactyliosolen";0,156689565382588
"Thalassionema";"Pseudo-nitzschia";0,177786186612476
"Thalassionema";"Eucampia";0,166053106144411
"Thalassionema";"Diplopsalis";0,181321311739752
"Thalassionema";"Trigonium";0,0967044269296692
"Thalassionema";"Dictyocha";0,176221592742487
"Thalassionema";"Porosira";0,125150038589621
"Thalassionema";"Scrippsiella";0,0866757044105148
"Thalassionema";"Katodinium";0,0822734930374482
"Thalassionema";"Torodinium";0,104829095277046
"Thalassionema";"Ciliophora.x";0,146924663807819
"Thalassionema";"Heterocapsa";0,0613354645284596
"Thalassionema";"Amphidinium";0,0634808936564737
"Thalassionema";"Pennées";0,116554197900817
"Thalassionema";"Cryptophyceae.x";0,0877098281637455
"Thalassionema";"Peridiniales";0,0674823078380538
"Thalassionema";"Alexandrium";0,102794745879305
"Thalassionema";"Chlorophyceae";0,0569226425928456
"Thalassionema";"Licmophora";0,0696745169685481
"Thalassionema";"Lithodesmium";0,0528514041599082
"Thalassionema";"Gonyaulax";0,146036256085165
"Thalassionema";"Brockmanniella";0,0664930870399258
"Thalassionema";"Delphineis";0,165969205157028
"Thalassionema";"Eutreptiella";0,0602459713239789
"Thalassionema";"Cylindrotheca";0,095204653379035
"Thalassionema";"Gymnodiniaceae";0,0705566244212968
"Thalassionema";"Thalassiosiraceae";0,0590778690572766
"Trieres";"Lauderia";0,0535420876473206
"Trieres";"Gyrodinium";0,0813463864110611
"Trieres";"Phaeocystis";0,134520424109879
"Trieres";"Pseudo-nitzschia";0,0589295182361991
"Trieres";"Diploneis";0,116230968213464
"Trieres";"Gymnodinium";0,273201800760693
"Trieres";"Euglenoidea";0,114046620533363
"Trieres";"Trigonium";0,0635790968152013
"Trieres";"Dictyocha";0,0800081226931378
"Trieres";"Porosira";0,069961214185348
"Trieres";"Scenedesmus";0,137277749356592
"Trieres";"Ciliophora.x";0,188232977432275
"Trieres";"Amphidinium";0,177290169985263
"Trieres";"Cryptophyceae.x";0,19648587680364
"Trieres";"Chlorophyceae";0,207091558540063
"Trieres";"Delphineis";0,0695917903839504
"Lauderia";"Meuniera";0,0655759925897762
"Lauderia";"Cerataulina";0,114615050090066
"Lauderia";"Dactyliosolen";0,0607806676403209
"Lauderia";"Gyrodinium";0,0717282501358266
"Lauderia";"Phaeocystis";0,0758428551742273
"Lauderia";"Pseudo-nitzschia";0,128353440993101
"Lauderia";"Eucampia";0,0698535549320929
"Lauderia";"Helicotheca";0,0736680911562653
"Lauderia";"Dictyocha";0,086507040548931
"Lauderia";"Porosira";0,144901936760757
"Lauderia";"Katodinium";0,0615327194998968
"Lauderia";"Torodinium";0,0597502644288796
"Lauderia";"Heterocapsa";0,118629791098687
"Lauderia";"Pennées";0,0667859561205651
"Lauderia";"Cryptophyceae.x";0,0721603614005877
"Lauderia";"Peridiniales";0,0632225536272726
"Lauderia";"Mesodinium";0,0551719794517389
"Lauderia";"Heterosigma";0,0771181741096938
"Lauderia";"Brockmanniella";0,0561992221156414
"Lauderia";"Karlodinium";0,0606455789284504
"Lauderia";"Delphineis";0,0495356874106784
"Lauderia";"Cylindrotheca";0,0964394858819718
"Lauderia";"Gymnodiniales";0,0502363645783941
"Lauderia";"Dinophyceae.x";0,0545695702277571
"Leptocylindrus";"Meuniera";0,0767722752002472
"Leptocylindrus";"Protoperidinium";0,309487932996016
"Leptocylindrus";"Cerataulina";0,351676198709602
"Leptocylindrus";"Dactyliosolen";0,278374423979338
"Leptocylindrus";"Gyrodinium";0,231886262360074
"Leptocylindrus";"Pseudo-nitzschia";0,303487153341594
"Leptocylindrus";"Eucampia";0,288387376799068
"Leptocylindrus";"Diploneis";0,0845879516066986
"Leptocylindrus";"Gymnodinium";0,073265540768108
"Leptocylindrus";"Akashiwo";0,117502427648128
"Leptocylindrus";"Diplopsalis";0,205246117994231
"Leptocylindrus";"Trigonium";0,0647831601914937
"Leptocylindrus";"Scrippsiella";0,335722028534128
"Leptocylindrus";"Katodinium";0,223505723748428
"Leptocylindrus";"Torodinium";0,167277922679277
"Leptocylindrus";"Ciliophora.x";0,132501014750903
"Leptocylindrus";"Heterocapsa";0,170114727963512
"Leptocylindrus";"Amphidinium";0,0798346536002688
"Leptocylindrus";"Cryptophyceae.x";0,125191199610239
"Leptocylindrus";"Peridiniales";0,0656139204309017
"Leptocylindrus";"Mesodinium";0,0775561299592806
"Leptocylindrus";"Alexandrium";0,129651540432352
"Leptocylindrus";"Licmophora";0,0912127483357651
"Leptocylindrus";"Lithodesmium";0,167257189088014
"Leptocylindrus";"Polykrikos";0,302530862307598
"Leptocylindrus";"Gonyaulax";0,183903064446254
"Leptocylindrus";"Pyramimonas";0,126168625126869
"Leptocylindrus";"Karlodinium";0,123945108169279
"Leptocylindrus";"Eutreptiella";0,154186017771652
"Leptocylindrus";"Cylindrotheca";0,0662459563860923
"Leptocylindrus";"Gymnodiniales";0,213740479523685
"Leptocylindrus";"Gymnodiniaceae";0,0630428637308671
"Meuniera";"Protoperidinium";0,129454810869687
"Meuniera";"Cerataulina";0,138096449026444
"Meuniera";"Gyrodinium";0,147915146082295
"Meuniera";"Phaeocystis";0,208265220490557
"Meuniera";"Pseudo-nitzschia";0,167178038012043
"Meuniera";"Eucampia";0,049352272372507
"Meuniera";"Diploneis";0,105848196984732
"Meuniera";"Gymnodinium";0,0753828636380001
"Meuniera";"Trigonium";0,120903262370026
"Meuniera";"Porosira";0,0779934978453995
"Meuniera";"Katodinium";0,211170949062262
"Meuniera";"Torodinium";0,111249314258562
"Meuniera";"Ciliophora.x";0,149713285156449
"Meuniera";"Amphidinium";0,0738379097359038
"Meuniera";"Pennées";0,0708539415672982
"Meuniera";"Cryptophyceae.x";0,199312987485157
"Meuniera";"Chlorophyceae";0,0651932736899604
"Meuniera";"Polykrikos";0,0889915180335878
"Meuniera";"Karlodinium";0,0633872338646797
"Meuniera";"Delphineis";0,151106952145284
"Meuniera";"Eutreptiella";0,136653166636852
"Meuniera";"Gymnodiniales";0,127280042256817
"Protoperidinium";"Cerataulina";0,236403255289772
"Protoperidinium";"Dactyliosolen";0,174657270103106
"Protoperidinium";"Gyrodinium";0,480210024700376
"Protoperidinium";"Phaeocystis";0,168529708851259
"Protoperidinium";"Pseudo-nitzschia";0,424444706892753
"Protoperidinium";"Eucampia";0,146679512917276
"Protoperidinium";"Diploneis";0,158117774726612
"Protoperidinium";"Gymnodinium";0,242137228321381
"Protoperidinium";"Akashiwo";0,0751804645301596
"Protoperidinium";"Diplopsalis";0,195691733094747
"Protoperidinium";"Euglenoidea";0,0934526134576873
"Protoperidinium";"Trigonium";0,103145616160405
"Protoperidinium";"Dictyocha";0,0644793667993574
"Protoperidinium";"Scrippsiella";0,208889954818302
"Protoperidinium";"Katodinium";0,33329801003069
"Protoperidinium";"Torodinium";0,226919785748488
"Protoperidinium";"Ciliophora.x";0,343843834354558
"Protoperidinium";"Heterocapsa";0,192867864084
"Protoperidinium";"Amphidinium";0,156835251625675
"Protoperidinium";"Cryptophyceae.x";0,348967589727741
"Protoperidinium";"Mesodinium";0,134485891691851
"Protoperidinium";"Alexandrium";0,158903654122684
"Protoperidinium";"Polykrikos";0,221428746276445
"Protoperidinium";"Gonyaulax";0,151859390902639
"Protoperidinium";"Pyramimonas";0,119922281769839
"Protoperidinium";"Heterosigma";0,113399703970549
"Protoperidinium";"Karlodinium";0,144542196247574
"Protoperidinium";"Delphineis";0,161741956547752
"Protoperidinium";"Eutreptiella";0,213794754931465
"Protoperidinium";"Gymnodiniales";0,247271070941467
"Cerataulina";"Dactyliosolen";0,365776288962658
"Cerataulina";"Gyrodinium";0,193114111203258
"Cerataulina";"Phaeocystis";0,0756711420061067
"Cerataulina";"Pseudo-nitzschia";0,282317932514248
"Cerataulina";"Eucampia";0,192195750134101
"Cerataulina";"Diplopsalis";0,110463370985518
"Cerataulina";"Scrippsiella";0,172503409849042
"Cerataulina";"Katodinium";0,206303537852557
"Cerataulina";"Torodinium";0,145153995164526
"Cerataulina";"Ciliophora.x";0,0968273580504847
"Cerataulina";"Heterocapsa";0,156218640061635
"Cerataulina";"Cryptophyceae.x";0,116726087711257
"Cerataulina";"Peridiniales";0,101806166412365
"Cerataulina";"Mesodinium";0,0793309755870915
"Cerataulina";"Alexandrium";0,0613626765136476
"Cerataulina";"Licmophora";0,0874552060037974
"Cerataulina";"Polykrikos";0,115916757144432
"Cerataulina";"Gonyaulax";0,180999098576593
"Cerataulina";"Karlodinium";0,0797175115716452
"Cerataulina";"Eutreptiella";0,0670735927662576
"Cerataulina";"Cylindrotheca";0,0782960705954533
"Cerataulina";"Gymnodiniales";0,19202255493308
"Dactyliosolen";"Gyrodinium";0,142260480063408
"Dactyliosolen";"Phaeocystis";0,106981131181424
"Dactyliosolen";"Pseudo-nitzschia";0,354446057653889
"Dactyliosolen";"Eucampia";0,132704579128109
"Dactyliosolen";"Akashiwo";0,0509705301279173
"Dactyliosolen";"Diplopsalis";0,122054922119253
"Dactyliosolen";"Scrippsiella";0,22797654050832
"Dactyliosolen";"Katodinium";0,130349003854111
"Dactyliosolen";"Torodinium";0,0947445721197299
"Dactyliosolen";"Ciliophora.x";0,0753656249924916
"Dactyliosolen";"Heterocapsa";0,13204928405569
"Dactyliosolen";"Peridiniales";0,117237093007763
"Dactyliosolen";"Mesodinium";0,0725868921022385
"Dactyliosolen";"Alexandrium";0,14676236353024
"Dactyliosolen";"Licmophora";0,0589450571317121
"Dactyliosolen";"Lithodesmium";0,142873283029283
"Dactyliosolen";"Polykrikos";0,123847298663392
"Dactyliosolen";"Gonyaulax";0,228261306250219
"Dactyliosolen";"Dinoflagellata.x";0,0524630922805441
"Dactyliosolen";"Karlodinium";0,0841505537953482
"Dactyliosolen";"Cylindrotheca";0,159178661471166
"Dactyliosolen";"Gymnodiniales";0,105327466472638
"Dactyliosolen";"Gymnodiniaceae";0,0981166196521276
"Gyrodinium";"Phaeocystis";0,35626348330163
"Gyrodinium";"Pseudo-nitzschia";0,450088170092862
"Gyrodinium";"Eucampia";0,0806432437491236
"Gyrodinium";"Diploneis";0,150710457384576
"Gyrodinium";"Gymnodinium";0,333004713986738
"Gyrodinium";"Diplopsalis";0,0900218683899527
"Gyrodinium";"Euglenoidea";0,144786800662227
"Gyrodinium";"Trigonium";0,0653113262587396
"Gyrodinium";"Scrippsiella";0,0706560138489162
"Gyrodinium";"Katodinium";0,378852681225666
"Gyrodinium";"Torodinium";0,235289307553351
"Gyrodinium";"Ciliophora.x";0,435412461316504
"Gyrodinium";"Heterocapsa";0,178910899995749
"Gyrodinium";"Amphidinium";0,208490791013223
"Gyrodinium";"Cryptophyceae.x";0,394863233362197
"Gyrodinium";"Mesodinium";0,130941091136224
"Gyrodinium";"Alexandrium";0,0552718282864334
"Gyrodinium";"Chlorophyceae";0,113683059747413
"Gyrodinium";"Polykrikos";0,190410114487795
"Gyrodinium";"Pyramimonas";0,108484171837765
"Gyrodinium";"Heterosigma";0,104818542885222
"Gyrodinium";"Karlodinium";0,129310361524746
"Gyrodinium";"Delphineis";0,157043194324892
"Gyrodinium";"Eutreptiella";0,200246837873996
"Gyrodinium";"Gymnodiniales";0,222986216496687
"Phaeocystis";"Pseudo-nitzschia";0,440946878558738
"Phaeocystis";"Gymnodinium";0,18886518317881
"Phaeocystis";"Scenedesmus";0,0621213235595049
"Phaeocystis";"Katodinium";0,186384309464316
"Phaeocystis";"Torodinium";0,0824186418253765
"Phaeocystis";"Ciliophora.x";0,297566231382534
"Phaeocystis";"Cryptophyceae.x";0,118978335754788
"Phaeocystis";"Karlodinium";0,070491340896006
"Phaeocystis";"Gymnodiniales";0,0523116937228144
"Pseudo-nitzschia";"Eucampia";0,159910290357935
"Pseudo-nitzschia";"Gymnodinium";0,165073154411023
"Pseudo-nitzschia";"Diplopsalis";0,181774132438837
"Pseudo-nitzschia";"Scrippsiella";0,120409744363151
"Pseudo-nitzschia";"Katodinium";0,279633566160419
"Pseudo-nitzschia";"Torodinium";0,159067343453997
"Pseudo-nitzschia";"Ciliophora.x";0,325766277173759
"Pseudo-nitzschia";"Heterocapsa";0,0809164032647295
"Pseudo-nitzschia";"Amphidinium";0,086173939548967
"Pseudo-nitzschia";"Cryptophyceae.x";0,226288417145738
"Pseudo-nitzschia";"Mesodinium";0,0879891186159706
"Pseudo-nitzschia";"Alexandrium";0,0758155799832284
"Pseudo-nitzschia";"Licmophora";0,0652296337204399
"Pseudo-nitzschia";"Lithodesmium";0,0478756844741851
"Pseudo-nitzschia";"Polykrikos";0,125698136230069
"Pseudo-nitzschia";"Gonyaulax";0,124016744882847
"Pseudo-nitzschia";"Heterosigma";0,0662183567154549
"Pseudo-nitzschia";"Karlodinium";0,0833450438466998
"Pseudo-nitzschia";"Eutreptiella";0,0581326813790741
"Pseudo-nitzschia";"Gymnodiniales";0,1848754587815
"Eucampia";"Diploneis";0,109180185418221
"Eucampia";"Gymnodinium";0,129504903222531
"Eucampia";"Akashiwo";0,0499856580528102
"Eucampia";"Diplopsalis";0,178045735391992
"Eucampia";"Euglenoidea";0,056946142920571
"Eucampia";"Trigonium";0,0831676711350634
"Eucampia";"Scrippsiella";0,178990261980738
"Eucampia";"Katodinium";0,0835435882830298
"Eucampia";"Heterocapsa";0,0678134979397207
"Eucampia";"Amphidinium";0,0686002358525864
"Eucampia";"Mesodinium";0,0627708335707275
"Eucampia";"Alexandrium";0,123875137862163
"Eucampia";"Licmophora";0,0480841057340031
"Eucampia";"Lithodesmium";0,148462370264148
"Eucampia";"Polykrikos";0,153942637783033
"Eucampia";"Gonyaulax";0,123505148005379
"Eucampia";"Pyramimonas";0,182091939738855
"Eucampia";"Delphineis";0,0571317136631669
"Diploneis";"Gymnodinium";0,166026016947253
"Diploneis";"Diplopsalis";0,0875267868814017
"Diploneis";"Euglenoidea";0,12352775427597
"Diploneis";"Trigonium";0,148673584163699
"Diploneis";"Dictyocha";0,078029364254066
"Diploneis";"Katodinium";0,221957743950147
"Diploneis";"Torodinium";0,0545601763599089
"Diploneis";"Ciliophora.x";0,196443947093725
"Diploneis";"Heterocapsa";0,059470429193046
"Diploneis";"Amphidinium";0,246864693723608
"Diploneis";"Pennées";0,101599164032819
"Diploneis";"Cryptophyceae.x";0,238512058794302
"Diploneis";"Mesodinium";0,0910612209342269
"Diploneis";"Chlorophyceae";0,110041683696345
"Diploneis";"Licmophora";0,0570309559623369
"Diploneis";"Polykrikos";0,0862502385694829
"Diploneis";"Pyramimonas";0,0973048296226537
"Diploneis";"Karlodinium";0,120933505035388
"Diploneis";"Delphineis";0,143875394362126
"Diploneis";"Eutreptiella";0,114990900455872
"Diploneis";"Gymnodiniales";0,0660962604115087
"Gymnodinium";"Diplopsalis";0,105889138465567
"Gymnodinium";"Euglenoidea";0,23749743354073
"Gymnodinium";"Trigonium";0,0551000362513267
"Gymnodinium";"Scenedesmus";0,0611271480161834
"Gymnodinium";"Katodinium";0,168369538557353
"Gymnodinium";"Ciliophora.x";0,334676568328367
"Gymnodinium";"Amphidinium";0,276436675291618
"Gymnodinium";"Cryptophyceae.x";0,232786577364968
"Gymnodinium";"Mesodinium";0,064223304925319
"Gymnodinium";"Chlorophyceae";0,226769666249083
"Gymnodinium";"Polykrikos";0,0557358429305627
"Gymnodinium";"Pyramimonas";0,0649683149700566
"Gymnodinium";"Heterosigma";0,106647608305727
"Gymnodinium";"Dinoflagellata.x";0,0812198736473372
"Gymnodinium";"Eutreptiella";0,0770419586203978
"Akashiwo";"Diplopsalis";0,0677173515008167
"Akashiwo";"Euglenoidea";0,0919837993228891
"Akashiwo";"Scrippsiella";0,142432291321266
"Akashiwo";"Heterocapsa";0,0868310426996359
"Akashiwo";"Peridiniales";0,103675564126946
"Akashiwo";"Mesodinium";0,0944838267442206
"Akashiwo";"Alexandrium";0,0875483854027591
"Akashiwo";"Lithodesmium";0,104406553761168
"Akashiwo";"Polykrikos";0,0799722446425511
"Akashiwo";"Gonyaulax";0,139406894802489
"Akashiwo";"Pyramimonas";0,191298769372501
"Akashiwo";"Cylindrotheca";0,0630671667789469
"Akashiwo";"Centriques";0,059710615522796
"Akashiwo";"Gymnodiniaceae";0,067805195926124
"Akashiwo";"Euglenia";0,130554541648186
"Akashiwo";"Plagiolemma";0,0487675740555115
"Diplopsalis";"Euglenoidea";0,0627200578169627
"Diplopsalis";"Scrippsiella";0,284552241782422
"Diplopsalis";"Katodinium";0,129156970818905
"Diplopsalis";"Torodinium";0,0598650325034764
"Diplopsalis";"Ciliophora.x";0,054682191994742
"Diplopsalis";"Heterocapsa";0,0663062912119259
"Diplopsalis";"Amphidinium";0,0576089574044986
"Diplopsalis";"Pennées";0,0918034474755971
"Diplopsalis";"Peridiniales";0,188854459952606
"Diplopsalis";"Mesodinium";0,102451089099157
"Diplopsalis";"Alexandrium";0,175636725617245
"Diplopsalis";"Lithodesmium";0,18203866440633
"Diplopsalis";"Gonyaulax";0,244236802914063
"Diplopsalis";"Pyramimonas";0,113562771829812
"Diplopsalis";"Cylindrotheca";0,136820661664965
"Diplopsalis";"Centriques";0,0541756197281997
"Diplopsalis";"Gymnodiniaceae";0,0940623440103332
"Diplopsalis";"Thalassiosiraceae";0,069213008969164
"Diplopsalis";"Dinophyceae.x";0,109367075803141
"Diplopsalis";"Euglenia";0,177744378530539
"Euglenoidea";"Scenedesmus";0,0793203694919101
"Euglenoidea";"Katodinium";0,0633733861570412
"Euglenoidea";"Amphidinium";0,208350293970718
"Euglenoidea";"Pennées";0,0776978494648095
"Euglenoidea";"Cryptophyceae.x";0,100682934270271
"Euglenoidea";"Mesodinium";0,0831109519905009
"Euglenoidea";"Chlorophyceae";0,0800096344910243
"Euglenoidea";"Polykrikos";0,102552714223783
"Euglenoidea";"Pyramimonas";0,166468365424957
"Euglenoidea";"Dinoflagellata.x";0,0670573597632563
"Trigonium";"Helicotheca";0,0554838719860167
"Trigonium";"Dictyocha";0,152561858695177
"Trigonium";"Porosira";0,129460264630945
"Trigonium";"Katodinium";0,1098081339634
"Trigonium";"Torodinium";0,0660014611215403
"Trigonium";"Ciliophora.x";0,119375343849948
"Trigonium";"Amphidinium";0,0754245004667643
"Trigonium";"Pennées";0,126185751346797
"Trigonium";"Cryptophyceae.x";0,239636035776232
"Trigonium";"Chlorophyceae";0,088694236040436
"Trigonium";"Licmophora";0,0579528654951401
"Trigonium";"Pyramimonas";0,0891553572801398
"Trigonium";"Brockmanniella";0,129867717443804
"Trigonium";"Delphineis";0,308147659714528
"Trigonium";"Eutreptiella";0,242937912910165
"Trigonium";"Gymnodiniales";0,0995084118407171
"Helicotheca";"Dictyocha";0,0522481587934843
"Helicotheca";"Porosira";0,0693521822866809
"Helicotheca";"Cryptophyceae.x";0,0512582376289203
"Helicotheca";"Brockmanniella";0,0749245907811102
"Helicotheca";"Delphineis";0,104175945545257
"Dictyocha";"Porosira";0,135899492443027
"Dictyocha";"Katodinium";0,0639244753986904
"Dictyocha";"Torodinium";0,0928147905448193
"Dictyocha";"Ciliophora.x";0,080425186329304
"Dictyocha";"Heterocapsa";0,067116284113099
"Dictyocha";"Amphidinium";0,103388425774579
"Dictyocha";"Pennées";0,0918293689079789
"Dictyocha";"Cryptophyceae.x";0,15271479207337
"Dictyocha";"Chlorophyceae";0,11272759029617
"Dictyocha";"Heterosigma";0,111215925610431
"Dictyocha";"Brockmanniella";0,0696720324907408
"Dictyocha";"Delphineis";0,206475682452259
"Dictyocha";"Eutreptiella";0,134452369826268
"Porosira";"Katodinium";0,0669915037849833
"Porosira";"Torodinium";0,102197976087466
"Porosira";"Ciliophora.x";0,0607507053861792
"Porosira";"Cryptophyceae.x";0,0981412557183194
"Porosira";"Delphineis";0,146164572544761
"Scenedesmus";"Amphidinium";0,0615291878106102
"Scenedesmus";"Chlorophyceae";0,050992225683732
"Scenedesmus";"Bacillariaceae";0,0749739796712253
"Scrippsiella";"Katodinium";0,0789587789463281
"Scrippsiella";"Ciliophora.x";0,0562593666472474
"Scrippsiella";"Heterocapsa";0,302599003981008
"Scrippsiella";"Peridiniales";0,221014954718684
"Scrippsiella";"Mesodinium";0,178557538237459
"Scrippsiella";"Alexandrium";0,199311387839679
"Scrippsiella";"Lithodesmium";0,182690774922112
"Scrippsiella";"Polykrikos";0,207448029752808
"Scrippsiella";"Gonyaulax";0,3762902346221
"Scrippsiella";"Pyramimonas";0,0918850036978362
"Scrippsiella";"Dinoflagellata.x";0,0675725113913319
"Scrippsiella";"Bacillariaceae";0,107451021470022
"Scrippsiella";"Cylindrotheca";0,192271069998388
"Scrippsiella";"Naviculaceae";0,0987401258813841
"Scrippsiella";"Centriques";0,055354437114485
"Scrippsiella";"Gymnodiniaceae";0,162803918796821
"Scrippsiella";"Euglenaceae";0,102498824734375
"Scrippsiella";"Thalassiosiraceae";0,0762067056316985
"Scrippsiella";"Dinophyceae.x";0,142220842751344
"Scrippsiella";"Euglenia";0,193388367601041
"Katodinium";"Torodinium";0,186811733913765
"Katodinium";"Ciliophora.x";0,394112098107132
"Katodinium";"Heterocapsa";0,205539669827195
"Katodinium";"Amphidinium";0,152900141149881
"Katodinium";"Pennées";0,0555078818399279
"Katodinium";"Cryptophyceae.x";0,316328704370337
"Katodinium";"Mesodinium";0,0513535599722217
"Katodinium";"Chlorophyceae";0,0970838605886096
"Katodinium";"Licmophora";0,0913271864876978
"Katodinium";"Polykrikos";0,211767997237296
"Katodinium";"Karlodinium";0,155608473446252
"Katodinium";"Delphineis";0,199564718828937
"Katodinium";"Eutreptiella";0,156892507204225
"Katodinium";"Gymnodiniales";0,306110338222637
"Torodinium";"Ciliophora.x";0,174983162966521
"Torodinium";"Heterocapsa";0,120849427970074
"Torodinium";"Cryptophyceae.x";0,180904686868517
"Torodinium";"Alexandrium";0,0934244101287317
"Torodinium";"Polykrikos";0,0899291734503545
"Torodinium";"Gonyaulax";0,0539297523071799
"Torodinium";"Pyramimonas";0,06585543372412
"Torodinium";"Heterosigma";0,0580229243453423
"Torodinium";"Brockmanniella";0,0601914155984719
"Torodinium";"Karlodinium";0,149606936429388
"Torodinium";"Delphineis";0,205960447983513
"Torodinium";"Eutreptiella";0,205022954978518
"Torodinium";"Cylindrotheca";0,0842224845879291
"Torodinium";"Gymnodiniales";0,234919131110506
"Ciliophora.x";"Heterocapsa";0,16272405190418
"Ciliophora.x";"Amphidinium";0,261850675543886
"Ciliophora.x";"Cryptophyceae.x";0,390532464986517
"Ciliophora.x";"Mesodinium";0,125803080017274
"Ciliophora.x";"Chlorophyceae";0,138606023279543
"Ciliophora.x";"Licmophora";0,112857642978793
"Ciliophora.x";"Polykrikos";0,18708867394513
"Ciliophora.x";"Pyramimonas";0,082221264938555
"Ciliophora.x";"Heterosigma";0,0995280463888809
"Ciliophora.x";"Karlodinium";0,143019319413383
"Ciliophora.x";"Delphineis";0,235887744721049
"Ciliophora.x";"Eutreptiella";0,313612451731695
"Ciliophora.x";"Gymnodiniales";0,178805731786512
"Heterocapsa";"Cryptophyceae.x";0,151931512233394
"Heterocapsa";"Mesodinium";0,10089422598135
"Heterocapsa";"Licmophora";0,0924270244833385
"Heterocapsa";"Polykrikos";0,126178767263082
"Heterocapsa";"Gonyaulax";0,229176620791125
"Heterocapsa";"Pyramimonas";0,116414997004539
"Heterocapsa";"Dinoflagellata.x";0,0806919503465769
"Heterocapsa";"Brockmanniella";0,0750859220492166
"Heterocapsa";"Karlodinium";0,0748695734278686
"Heterocapsa";"Delphineis";0,185830042347471
"Heterocapsa";"Eutreptiella";0,182141143255598
"Heterocapsa";"Cylindrotheca";0,100089050604773
"Heterocapsa";"Gymnodiniales";0,275889282957216
"Heterocapsa";"Euglenaceae";0,0616612131765977
"Amphidinium";"Pennées";0,0876804979237842
"Amphidinium";"Cryptophyceae.x";0,188827828015831
"Amphidinium";"Mesodinium";0,109661432337197
"Amphidinium";"Chlorophyceae";0,255878250291767
"Amphidinium";"Polykrikos";0,126238436595546
"Amphidinium";"Pyramimonas";0,0777249651275381
"Amphidinium";"Karlodinium";0,0701645561265095
"Amphidinium";"Eutreptiella";0,0703398159002193
"Pennées";"Cryptophyceae.x";0,179206630488106
"Pennées";"Peridiniales";0,170605868632442
"Pennées";"Chlorophyceae";0,0815372334595941
"Pennées";"Licmophora";0,062024714746918
"Pennées";"Brockmanniella";0,125613983106526
"Pennées";"Delphineis";0,0632543999125288
"Pennées";"Eutreptiella";0,0677746187955408
"Pennées";"Cylindrotheca";0,176562283866213
"Pennées";"Gymnodiniales";0,119367864376849
"Pennées";"Centriques";0,176771714755657
"Pennées";"Euglenia";0,186603461292861
"Pennées";"Plagiolemma";0,0655718959286113
"Cryptophyceae.x";"Mesodinium";0,100191161652548
"Cryptophyceae.x";"Chlorophyceae";0,200358557587029
"Cryptophyceae.x";"Licmophora";0,106466005272328
"Cryptophyceae.x";"Polykrikos";0,0827366069785375
"Cryptophyceae.x";"Pyramimonas";0,0622839454618611
"Cryptophyceae.x";"Brockmanniella";0,0826595249060548
"Cryptophyceae.x";"Karlodinium";0,154011043561806
"Cryptophyceae.x";"Delphineis";0,365206397394795
"Cryptophyceae.x";"Eutreptiella";0,404125663951258
"Cryptophyceae.x";"Gymnodiniales";0,361716566598752
"Peridiniales";"Mesodinium";0,0710202855659441
"Peridiniales";"Alexandrium";0,0994234918807877
"Peridiniales";"Lithodesmium";0,17728024549611
"Peridiniales";"Gonyaulax";0,239917187892792
"Peridiniales";"Bacillariaceae";0,0935816308027383
"Peridiniales";"Cylindrotheca";0,358948298284734
"Peridiniales";"Gymnodiniales";0,083423354340473
"Peridiniales";"Centriques";0,307478174903113
"Peridiniales";"Gymnodiniaceae";0,0500561127519303
"Peridiniales";"Dinophyceae.x";0,115852912839475
"Peridiniales";"Euglenia";0,476407353322305
"Peridiniales";"Plagiolemma";0,145612756596913
"Mesodinium";"Alexandrium";0,0675326060016554
"Mesodinium";"Lithodesmium";0,0596413359256092
"Mesodinium";"Polykrikos";0,142325166905232
"Mesodinium";"Gonyaulax";0,123030143259396
"Mesodinium";"Cylindrotheca";0,120992041347249
"Mesodinium";"Dinophyceae.x";0,083252728245433
"Mesodinium";"Euglenia";0,103482319013589
"Alexandrium";"Lithodesmium";0,0559634832371755
"Alexandrium";"Polykrikos";0,0830009365181023
"Alexandrium";"Gonyaulax";0,213886179333473
"Alexandrium";"Pyramimonas";0,115209424000636
"Alexandrium";"Heterosigma";0,0663294291475985
"Alexandrium";"Cylindrotheca";0,168255535984253
"Alexandrium";"Naviculaceae";0,0871923106342955
"Alexandrium";"Centriques";0,0904804223593673
"Alexandrium";"Gymnodiniaceae";0,196639961995241
"Alexandrium";"Thalassiosiraceae";0,0906013950794173
"Alexandrium";"Dinophyceae.x";0,140821967186814
"Alexandrium";"Euglenia";0,120356062818603
"Chlorophyceae";"Karlodinium";0,0628787080868267
"Chlorophyceae";"Eutreptiella";0,106457635020204
"Licmophora";"Delphineis";0,057679775373696
"Licmophora";"Eutreptiella";0,155448875915388
"Licmophora";"Cylindrotheca";0,0764972990848028
"Licmophora";"Gymnodiniales";0,0572273672308807
"Lithodesmium";"Gonyaulax";0,102276897881121
"Lithodesmium";"Pyramimonas";0,0915581215298483
"Lithodesmium";"Cylindrotheca";0,15556053206164
"Lithodesmium";"Naviculaceae";0,142514315234451
"Lithodesmium";"Centriques";0,101529217951172
"Lithodesmium";"Gymnodiniaceae";0,0865860155453958
"Lithodesmium";"Thalassiosiraceae";0,136536373512791
"Lithodesmium";"Euglenia";0,242720836719988
"Lithodesmium";"Plagiolemma";0,129604796295155
"Polykrikos";"Gonyaulax";0,0889752310899118
"Polykrikos";"Pyramimonas";0,113720970542413
"Polykrikos";"Karlodinium";0,101327265302491
"Polykrikos";"Delphineis";0,0497604370099416
"Polykrikos";"Eutreptiella";0,111102370717621
"Polykrikos";"Gymnodiniales";0,132478596045641
"Gonyaulax";"Dinoflagellata.x";0,0879401769924434
"Gonyaulax";"Bacillariaceae";0,109276983994584
"Gonyaulax";"Cylindrotheca";0,189395794150247
"Gonyaulax";"Naviculaceae";0,0932208807834844
"Gonyaulax";"Centriques";0,09142923540353
"Gonyaulax";"Gymnodiniaceae";0,158036625916348
"Gonyaulax";"Euglenaceae";0,0792439937457795
"Gonyaulax";"Dinophyceae.x";0,102855968149678
"Gonyaulax";"Euglenia";0,196422310095957
"Pyramimonas";"Dinoflagellata.x";0,0884809941721593
"Pyramimonas";"Eutreptiella";0,0487758983724795
"Pyramimonas";"Gymnodiniaceae";0,0643859110107072
"Pyramimonas";"Euglenaceae";0,0761163022911584
"Heterosigma";"Karlodinium";0,072565412090767
"Heterosigma";"Gymnodiniaceae";0,0710765836415729
"Heterosigma";"Thalassiosiraceae";0,0589950023496964
"Dinoflagellata.x";"Bacillariaceae";0,070053617055498
"Dinoflagellata.x";"Naviculaceae";0,0841043958913891
"Dinoflagellata.x";"Gymnodiniaceae";0,0653517830078358
"Dinoflagellata.x";"Euglenaceae";0,198506325758597
"Brockmanniella";"Delphineis";0,196939276922907
"Brockmanniella";"Eutreptiella";0,178696309767069
"Brockmanniella";"Cylindrotheca";0,166189785707868
"Brockmanniella";"Gymnodiniales";0,180733572882851
"Brockmanniella";"Centriques";0,115632898438848
"Brockmanniella";"Euglenia";0,0734543907509911
"Karlodinium";"Delphineis";0,0613796343711283
"Karlodinium";"Eutreptiella";0,206482216144484
"Karlodinium";"Gymnodiniales";0,199724417444763
"Delphineis";"Eutreptiella";0,390930552064925
"Delphineis";"Gymnodiniales";0,303158561694903
"Eutreptiella";"Gymnodiniales";0,307298320530625
"Bacillariaceae";"Naviculaceae";0,17707491712992
"Bacillariaceae";"Centriques";0,148825667093343
"Bacillariaceae";"Gymnodiniaceae";0,184780541105519
"Bacillariaceae";"Euglenaceae";0,181755105131926
"Bacillariaceae";"Thalassiosiraceae";0,117213058824714
"Bacillariaceae";"Dinophyceae.x";0,105026448350486
"Bacillariaceae";"Euglenia";0,11651713759795
"Cylindrotheca";"Naviculaceae";0,0611266070512424
"Cylindrotheca";"Gymnodiniales";0,197805311203361
"Cylindrotheca";"Centriques";0,387481155709117
"Cylindrotheca";"Gymnodiniaceae";0,0723961492563314
"Cylindrotheca";"Thalassiosiraceae";0,167781807390842
"Cylindrotheca";"Dinophyceae.x";0,202667569527763
"Cylindrotheca";"Euglenia";0,468488165753107
"Cylindrotheca";"Plagiolemma";0,15389788690304
"Naviculaceae";"Centriques";0,166489768407051
"Naviculaceae";"Gymnodiniaceae";0,226430825546915
"Naviculaceae";"Euglenaceae";0,291685876924493
"Naviculaceae";"Thalassiosiraceae";0,263328910417449
"Naviculaceae";"Dinophyceae.x";0,135358632120011
"Naviculaceae";"Euglenia";0,136821826409019
"Centriques";"Gymnodiniaceae";0,190518165297182
"Centriques";"Thalassiosiraceae";0,295854079398779
"Centriques";"Dinophyceae.x";0,295510854302972
"Centriques";"Euglenia";0,528619716710958
"Centriques";"Plagiolemma";0,239638674769252
"Gymnodiniaceae";"Euglenaceae";0,169681030585112
"Gymnodiniaceae";"Thalassiosiraceae";0,262894139322255
"Gymnodiniaceae";"Dinophyceae.x";0,218868218489407
"Gymnodiniaceae";"Euglenia";0,128122764509858
"Euglenaceae";"Thalassiosiraceae";0,0967860016025978
"Thalassiosiraceae";"Dinophyceae.x";0,213559014154661
"Thalassiosiraceae";"Euglenia";0,21924795296844
"Dinophyceae.x";"Euglenia";0,274124447261968
"Euglenia";"Plagiolemma";0,320560142307393
